{
  "figure1": {
    "trajectory_a": {
      "seed": 542,
      "regime": "DLA (T=100)",
      "total_time": 100.0,
      "final_edges": 99,
      "final_beta1": 25,
      "degree_seq": [
        6,
        6,
        5,
        5,
        5,
        5,
        4,
        4,
        4,
        4,
        4,
        4,
        4,
        4,
        4,
        4,
        4,
        4,
        3,
        3,
        3,
        3,
        3,
        2,
        2,
        2,
        2,
        2,
        2,
        2,
        2,
        2,
        2,
        2,
        2,
        2,
        2,
        2,
        2,
        2,
        2,
        2,
        2,
        2,
        2,
        2,
        2,
        2,
        2,
        2,
        2,
        2,
        2,
        2,
        2,
        2,
        2,
        2,
        2,
        2,
        2,
        2,
        2,
        2,
        2,
        2,
        2,
        2,
        2,
        2,
        2,
        2,
        2,
        2,
        1
      ],
      "eldi": 1.0,
      "score": 0.9938267196135218,
      "mech_class": "robust",
      "times": [
        0.0,
        2.057760128826052,
        4.195767400374483,
        7.280618245886829,
        14.8014312964606,
        1540291.9931477758,
        1540291.9931477758
      ],
      "beta0": [
        75,
        9,
        1,
        1,
        1,
        1,
        1
      ],
      "beta1": [
        0,
        1,
        12,
        21,
        25,
        25,
        25
      ],
      "edges": [
        0,
        67,
        86,
        95,
        99,
        99,
        99
      ],
      "perc_time": 2.057760128826052
    },
    "trajectory_b": {
      "seed": 188,
      "regime": "DLA (T=20)",
      "total_time": 20.0,
      "final_edges": 99,
      "final_beta1": 25,
      "degree_seq": [
        5,
        5,
        5,
        5,
        5,
        5,
        5,
        5,
        4,
        4,
        4,
        4,
        4,
        4,
        4,
        4,
        3,
        3,
        3,
        3,
        3,
        3,
        3,
        3,
        3,
        2,
        2,
        2,
        2,
        2,
        2,
        2,
        2,
        2,
        2,
        2,
        2,
        2,
        2,
        2,
        2,
        2,
        2,
        2,
        2,
        2,
        2,
        2,
        2,
        2,
        2,
        2,
        2,
        2,
        2,
        2,
        2,
        2,
        2,
        2,
        2,
        2,
        2,
        2,
        2,
        2,
        2,
        2,
        2,
        2,
        2,
        2,
        2,
        2,
        1
      ],
      "eldi": 0.6153846153846154,
      "score": 0.761716933237319,
      "mech_class": "robust",
      "times": [
        0.0,
        0.5045339943489343,
        1.0485550704648288,
        1.6740988972792124,
        2.32055678307601,
        3.0650249636659064,
        3.5993139905216047,
        4.114093452116323,
        4.646903534595423,
        5.38235765119578,
        10.059613518796468,
        11.635289552543869,
        12.15785431246906,
        13.094853892781078,
        13.644565737097508,
        15.347920809204776,
        16.53972128980897,
        485504.49400413624,
        485504.49400413624
      ],
      "beta0": [
        75,
        54,
        32,
        21,
        15,
        8,
        7,
        6,
        5,
        2,
        1,
        1,
        1,
        1,
        1,
        1,
        1,
        1,
        1
      ],
      "beta1": [
        0,
        0,
        0,
        0,
        1,
        2,
        6,
        9,
        10,
        12,
        17,
        19,
        22,
        23,
        24,
        25,
        26,
        25,
        25
      ],
      "edges": [
        0,
        21,
        43,
        54,
        61,
        69,
        74,
        78,
        80,
        85,
        91,
        93,
        96,
        97,
        98,
        99,
        100,
        99,
        99
      ],
      "perc_time": 3.0650249636659064
    }
  },
  "figure2": {
    "correlations": {
      "avg_degree": 0.9780691084055603,
      "clustering": 0.0,
      "density": 0.9780691084055604
    },
    "n_samples": 200
  },
  "figure3": {
    "dla_n": 67,
    "rla_n": 66,
    "dla_mean_score": 0.9945220944002976,
    "rla_mean_score": 0.0
  },
  "figure4": {
    "correlations": {
      "eldi": 0.979645635556101,
      "perc_time": 0.013715369694782058,
      "beta1": 0.979707046639665
    }
  },
  "figure5": {
    "r2_simple": 0.9566191808172477,
    "r2_static_topo": 0.9598258972354189,
    "r2_history_aware": 0.9767545326834324
  },
  "figure6": {
    "n_points": 30
  }
}